created,tweet_text
Sun Oct 24 04:36:09 +0000 2021,"RT @MCU_0range_: 토르 라그나로크에서 로키랑 발키리 전투씬이 기억에 남은 이유. 로키가 정신 지배 능력 사용할 수 있었다는 것 때문에 기억에 남았다. 뭐, 그러고 발키리한테 기절 당했지만 uu.."
Sun Oct 24 04:30:34 +0000 2021,"토르 라그나로크에서 로키랑 발키리 전투씬이 기억에 남은 이유. 로키가 정신 지배 능력 사용할 수 있었다는 것 때문에 기억에 남았다. 뭐, 그러고 발키리한테 기절 당했지만 uu.."
Sun Oct 24 03:54:02 +0000 2021,왜.네가 이것을...라그나로크를 가지고 있는거지?/자동
Sun Oct 24 03:23:59 +0000 2021,라그나로크라고?어떻게..../자동
Sun Oct 24 02:40:01 +0000 2021,유독 라그나로크 비하인드가 많은 거 같은데... 가장 안 풀리긴 했지..... 저때 망토 찢어져서 반망토로 다니는게 너무 좋았던.... https://t.co/PmDVWNJDnx
Sun Oct 24 01:44:24 +0000 2021,"그럼, ""라그나로크""를 일으키는 이 힘으로——
네가 비웃었던 파멸자의 힘으로 이 세상의 약자들을 지켜내겠다——
모두를 제물로 바치는 의식이 진정 신의 뜻이라면——
그럼, 나는 이 곳에서—— 신에게 선전포고를 하겠다."
Sat Oct 23 23:23:48 +0000 2021,로드의 순수한 혈통이 아니라면 라그나로크를 사용하지 못하는 것은 당연하겠지/자동
Sat Oct 23 22:16:51 +0000 2021,우린 라그나로크의 굴레에서 벗어났지. 아스가르드인들은 처음으로 자신들이 운명의 굴레에서 벗어나서 자유가 됐다고 믿고있고.
Sat Oct 23 20:49:08 +0000 2021,".... ..... 어찌 됐든... 나는 이제 탈락자고, 당신은 살아남아있으니까... ... 살아남기를 바랄게. 벌써 여기까지 와버렸잖아. 라그나로크 게임의 본분을 다 하라구. 다들 자기 몸은 지킬 줄 알걸."
Sat Oct 23 18:51:40 +0000 2021,그래... 도적인데 불사신이라 탱커여서 가장 많이 뚫렸었지... 왜 라그나로크에서도 싹 벗긴거야ㅋㅋㅋㄱㅋ 우리 반... 옷 좀 여미고다니렴... 가을이라 춥다... https://t.co/h99F5x6b3D
Sat Oct 23 16:48:49 +0000 2021,유명인이라서 좋겠다~!!그런 사람이 누추한 라그나로크까지 친히 오셨대?
Sat Oct 23 14:40:37 +0000 2021,이제 한동안 이런 유흥거리 즐길 겨를도 없을게다. 다들 라그나로크를 준비해라.
Sat Oct 23 13:53:38 +0000 2021,"@async3619 사용표시용
라그나로크 펜효과 쓰고나면 자기한테 1000댐에 이번턴 전투대미지 절감되서 표시햇어요"
Sat Oct 23 13:02:11 +0000 2021,"RT @atomicBTC: [투자에 관한 story]

요새 투자자/비투자자간의 AT필드같은 것이 형성되어 있어 마침 해당글을 올립니다.

먼저 저의 간략한 소개로 시작합니다.

저는 온라인게임(라그나로크)라는 게임을 중/고/대학교때까지 지속하였습니…"
Sat Oct 23 12:48:43 +0000 2021,"역시 솔로가 더 잘 맞았구나, 당신은... 그래서 화려하게 타오르기 위해서, 다른 사람을 짓밟았어? 그.. 무대에서 있었던 사고. (눈을 느릿하게 깜빡였다.) 맞다면.. 어쩌면 드라마틱한 서사의 클라이막스였을지도. 라그나로크로 추락하는 별이라니.. -"
Sat Oct 23 12:35:50 +0000 2021,"라그나로크 온라인

마비-파판14로 동인 대이동이 있었던것처럼 마비 이전에는 라그가 있었다. 인생게임
사실 내 폰에 라그나로크 오리진 깔려있다. 그때 그시절을 그대로~ 이런 캐치프레이즈를 몇번봤는지 모르겠다… https://t.co/c9vH0pkdTQ"
Sat Oct 23 11:28:35 +0000 2021,RT @lolopam_: 라그나로크 대본집 읽다가 로키창작연극씬에서ㅋㅋㅋㅋㅋㅠㅜ 로키가 토르 대사쓴것 좀 보셈 실제로는 토르가 로키한테 저런말 일절 안했다는게 진짜 개웃김 https://t.co/jlLnEORxIm
Sat Oct 23 11:26:37 +0000 2021,@Goldrabbit_kr 아 다크스토커즈 레이레이 혹은 라그나로크 무낙인줄 알앗는데 아니셧구나 https://t.co/Lw4AOuWYes
Sat Oct 23 11:23:48 +0000 2021,로드의 순수한 혈통이 아니라면 라그나로크를 사용하지 못하는 것은 당연하겠지/자동
Sat Oct 23 09:25:48 +0000 2021,"..라그나로크가 어디길래 거기에 소속된 이들이 동물원에 이리 많이 오느냐.

......혹시 이몸의 딸기를 노리고...?"
Sat Oct 23 09:01:18 +0000 2021,뭐 라그나로크?
Sat Oct 23 07:10:10 +0000 2021,@shvn7651 라그나로크 슈바르츠 하이퍼액티브 출입금지리마 파티포유
Sat Oct 23 06:40:00 +0000 2021,RT @lolopam_: 라그나로크 대본집 읽다가 로키창작연극씬에서ㅋㅋㅋㅋㅋㅠㅜ 로키가 토르 대사쓴것 좀 보셈 실제로는 토르가 로키한테 저런말 일절 안했다는게 진짜 개웃김 https://t.co/jlLnEORxIm
Sat Oct 23 06:19:15 +0000 2021,"마아트 : 술을 너무 많이 마시면 중독이 된다는게 정말이야?
티르: 그런거 뻥이야~ 나도 라그나로크 전날까지 매일 마시고 있었는데 중독같은거 안 됐어!
라슈누: (...그걸 중독이라고 하지 않나)"
Sat Oct 23 05:51:19 +0000 2021,RT @lolopam_: 라그나로크 대본집 읽다가 로키창작연극씬에서ㅋㅋㅋㅋㅋㅠㅜ 로키가 토르 대사쓴것 좀 보셈 실제로는 토르가 로키한테 저런말 일절 안했다는게 진짜 개웃김 https://t.co/jlLnEORxIm
Sat Oct 23 05:33:13 +0000 2021,@poop_ping 라그나로크 토르 나와서 좋음ㅋ 잘생겻잔아
Sat Oct 23 05:14:29 +0000 2021,......라그나로크나 다시 일으켜버릴까..
Sat Oct 23 04:18:05 +0000 2021,RT @lolopam_: 라그나로크 대본집 읽다가 로키창작연극씬에서ㅋㅋㅋㅋㅋㅠㅜ 로키가 토르 대사쓴것 좀 보셈 실제로는 토르가 로키한테 저런말 일절 안했다는게 진짜 개웃김 https://t.co/jlLnEORxIm
Sat Oct 23 03:54:01 +0000 2021,왜.네가 이것을...라그나로크를 가지고 있는거지?/자동
Sat Oct 23 03:47:48 +0000 2021,RT @lolopam_: 라그나로크 대본집 읽다가 로키창작연극씬에서ㅋㅋㅋㅋㅋㅠㅜ 로키가 토르 대사쓴것 좀 보셈 실제로는 토르가 로키한테 저런말 일절 안했다는게 진짜 개웃김 https://t.co/jlLnEORxIm
Sat Oct 23 03:24:06 +0000 2021,라그나로크라고?어떻게..../자동
Sat Oct 23 02:59:44 +0000 2021,RT @U27688281: 맞아요 라그나로크 이후 발드르는 한쌍의 남녀와 함께 저승에서 올라와 새 세계를 열어가죠
Sat Oct 23 02:53:34 +0000 2021,맞아요 라그나로크 이후 발드르는 한쌍의 남녀와 함께 저승에서 올라와 새 세계를 열어가죠
Sat Oct 23 01:51:14 +0000 2021,RT @lolopam_: 라그나로크 대본집 읽다가 로키창작연극씬에서ㅋㅋㅋㅋㅋㅠㅜ 로키가 토르 대사쓴것 좀 보셈 실제로는 토르가 로키한테 저런말 일절 안했다는게 진짜 개웃김 https://t.co/jlLnEORxIm
Sat Oct 23 01:44:26 +0000 2021,"그럼, ""라그나로크""를 일으키는 이 힘으로——
네가 비웃었던 파멸자의 힘으로 이 세상의 약자들을 지켜내겠다——
모두를 제물로 바치는 의식이 진정 신의 뜻이라면——
그럼, 나는 이 곳에서—— 신에게 선전포고를 하겠다."
Sat Oct 23 01:41:08 +0000 2021,"이야기는 계속해서 반복되는데
세계의 운명이라는 테피스트리 속에서 로키의 실은 늘 라그나로크와 가까이 엮여있었고... 그로 인해 늘 악역의 위치에 존재하기 쉬운 실이었다는 설정이
몇몇 팬픽에서 나오는데
그게 너무 좋아..."
Sat Oct 23 01:39:01 +0000 2021,"영픽 설정 중에서 진짜 사랑하는 것들 중 하나가
마블 세계관에서 지구에 있는 북유럽신화는 사실 지금의 세계가 탄생하기 전- 그러니까 라그나로크로 세계가 멸망하고 다시 태어나기 전 세계가 남겨놓은 흔적이자 메… https://t.co/UZnipShKL8"
Sat Oct 23 00:55:01 +0000 2021,RT @lolopam_: 라그나로크 대본집 읽다가 로키창작연극씬에서ㅋㅋㅋㅋㅋㅠㅜ 로키가 토르 대사쓴것 좀 보셈 실제로는 토르가 로키한테 저런말 일절 안했다는게 진짜 개웃김 https://t.co/jlLnEORxIm
Sat Oct 23 00:34:22 +0000 2021,야외 라그나로크!
Fri Oct 22 23:24:12 +0000 2021,로드의 순수한 혈통이 아니라면 라그나로크를 사용하지 못하는 것은 당연하겠지/자동
Fri Oct 22 21:49:00 +0000 2021,"RT @KimGogieClone: 토르 짧은 머리로 그릴 때마다 생각하는 건데, 이 헤어 스타일 진짜 어떻게 그려도 라그나로크와 인피니티워 그 느낌이 안 나잖아... ㅍ_ㅍ) 
그래도 연습한 게 아주 헛되지 않은 점은, 머리카락 패턴 정도는 어떻게…"
Fri Oct 22 16:11:27 +0000 2021,RT @lolopam_: 라그나로크 대본집 읽다가 로키창작연극씬에서ㅋㅋㅋㅋㅋㅠㅜ 로키가 토르 대사쓴것 좀 보셈 실제로는 토르가 로키한테 저런말 일절 안했다는게 진짜 개웃김 https://t.co/jlLnEORxIm
Fri Oct 22 16:00:46 +0000 2021,RT @lolopam_: 라그나로크 대본집 읽다가 로키창작연극씬에서ㅋㅋㅋㅋㅋㅠㅜ 로키가 토르 대사쓴것 좀 보셈 실제로는 토르가 로키한테 저런말 일절 안했다는게 진짜 개웃김 https://t.co/jlLnEORxIm
Fri Oct 22 15:54:44 +0000 2021,"RT @llapiuyuuuuu: 크림가지파스타랑 블루문 먹으면서 에이지 오브 개망작 울트론 보는 타래

어벤1 타래&gt;&gt;https://t.co/6NGUaLw0RE …
퍼벤&gt;&gt;https://t.co/p5iB6IigU0 …
윈솔&gt;&gt;https://t.co/…"
Fri Oct 22 15:53:49 +0000 2021,왜.네가 이것을...라그나로크를 가지고 있는거지?/자동
Fri Oct 22 15:49:44 +0000 2021,RT @lolopam_: 라그나로크 대본집 읽다가 로키창작연극씬에서ㅋㅋㅋㅋㅋㅠㅜ 로키가 토르 대사쓴것 좀 보셈 실제로는 토르가 로키한테 저런말 일절 안했다는게 진짜 개웃김 https://t.co/jlLnEORxIm
Fri Oct 22 15:19:42 +0000 2021,라그나로크 대본집 읽다가 로키창작연극씬에서ㅋㅋㅋㅋㅋㅠㅜ 로키가 토르 대사쓴것 좀 보셈 실제로는 토르가 로키한테 저런말 일절 안했다는게 진짜 개웃김 https://t.co/jlLnEORxIm
Fri Oct 22 14:51:27 +0000 2021,"RT @fxxkmxlxfx: 헤임달, 이젠 직감해야지. 라그나로크가 도래했어. 아름다운 걀라르호른 소리로 너의 에시르 신족에게 라그나로크의 도래를 알려야 할 때 아닌가. 여유를 부릴 시간이 아니야."
Fri Oct 22 12:37:19 +0000 2021,"토르 짧은 머리로 그릴 때마다 생각하는 건데, 이 헤어 스타일 진짜 어떻게 그려도 라그나로크와 인피니티워 그 느낌이 안 나잖아... ㅍ_ㅍ) 
그래도 연습한 게 아주 헛되지 않은 점은, 머리카락 패턴 정도는… https://t.co/Wfy7uYoTNH"
Fri Oct 22 12:34:00 +0000 2021,@thana93 저 일러스트 라그나로크 여프리 팬픽 생각나는 구도네
Fri Oct 22 11:46:03 +0000 2021,"RT @leeraeji124: 내가 생각했을 때 어울리는 맢크루 영화 / 영화 배우들
(제 생각일 뿐입니다.)

❤️:  크림슨 피크 - 루실 샤프
💛:  존 윅 - 존 윅
💚: 조커 - 아서 플렉/조커
💙:  토르: 라그나로크 - 토르
💜: 한니발…"
Fri Oct 22 11:25:11 +0000 2021,"RT @OverwatchKR: 라그나로크를 준비하십시오. ⚔️

에인헤랴르 자리야가 되어 적을 괴멸하세요! 에인헤랴르 자리야(영웅 스킨)는 10월 26일까지 획득할 수 있습니다. https://t.co/swiElLVaEl"
Fri Oct 22 11:24:26 +0000 2021,로드의 순수한 혈통이 아니라면 라그나로크를 사용하지 못하는 것은 당연하겠지/자동
Fri Oct 22 11:19:34 +0000 2021,"내가 생각했을 때 어울리는 맢크루 영화 / 영화 배우들
(제 생각일 뿐입니다.)

❤️:  크림슨 피크 - 루실 샤프
💛:  존 윅 - 존 윅
💚: 조커 - 아서 플렉/조커
💙:  토르: 라그나로크 - 토르… https://t.co/M6xpv5WFFD"
Fri Oct 22 10:58:50 +0000 2021,"시고니 위버가 리플리에 대해 얘기하는 걸 보면서 좀 감개가 무량해짐 리플리 등장 후 이어진 델마와 루이스, 킬 빌, 캣우먼, 헝겜, 매맥, 원더우먼, 캡마, 그리고 매트릭스의 트리니티, 반제의 에오윈, 토르… https://t.co/PgLiDk7vUk"
Fri Oct 22 09:44:31 +0000 2021,"RT @2020Serena: 오잉 라그나로크요? 여기서요? 지금요? 
보우가 라그나로크 광고를 하다니 신기해라 🇰🇷🇹🇭💖
#bow_maylada https://t.co/YKbbdUCtWy"
Fri Oct 22 09:27:40 +0000 2021,"업소녀
목포노래방
라그나로크
안희정
BMW7시리즈기아K7
일곱개의대죄
아프리카티비
야식그램
마이클젝슨 https://t.co/Isq7mSbWIg"
Fri Oct 22 09:16:27 +0000 2021,"오잉 라그나로크요? 여기서요? 지금요? 
보우가 라그나로크 광고를 하다니 신기해라 🇰🇷🇹🇭💖
#bow_maylada https://t.co/YKbbdUCtWy"
Fri Oct 22 09:11:28 +0000 2021,RT @llapiuyuuuuu: 라그나로크 다시 보기 시작
Fri Oct 22 09:09:26 +0000 2021,"RT @llapiuyuuuuu: 크림가지파스타랑 블루문 먹으면서 에이지 오브 개망작 울트론 보는 타래

어벤1 타래&gt;&gt;https://t.co/6NGUaLw0RE …
퍼벤&gt;&gt;https://t.co/p5iB6IigU0 …
윈솔&gt;&gt;https://t.co/…"
Fri Oct 22 09:02:07 +0000 2021,"RT @llapiuyuuuuu: 크림가지파스타랑 블루문 먹으면서 에이지 오브 개망작 울트론 보는 타래

어벤1 타래&gt;&gt;https://t.co/6NGUaLw0RE …
퍼벤&gt;&gt;https://t.co/p5iB6IigU0 …
윈솔&gt;&gt;https://t.co/…"
Fri Oct 22 09:01:21 +0000 2021,RT @llapiuyuuuuu: 라그나로크 진엔딩 https://t.co/u4PTRbq85f
Fri Oct 22 08:56:45 +0000 2021,"RT @llapiuyuuuuu: 크림가지파스타랑 블루문 먹으면서 에이지 오브 개망작 울트론 보는 타래

어벤1 타래&gt;&gt;https://t.co/6NGUaLw0RE …
퍼벤&gt;&gt;https://t.co/p5iB6IigU0 …
윈솔&gt;&gt;https://t.co/…"
Fri Oct 22 07:39:27 +0000 2021,"밷애스섹시하다고 수근딱데는 여학생들 있음
이제 쟤네가 징계받아서 단둘이 실험실에서 보낼거라고, 실험 엉망진창 만들거라 낄낄대는 교수진있음
아포칼립스다ㅏ 라그나로크다ㅏ 하는 트릴로니있음
스네이프 사진 사무실에 보관하는 후치 있음"
Fri Oct 22 07:28:06 +0000 2021,"죽음의 여신 ‘헬라’가 아스가르드를 침략하고,세상은 모든 것의 종말 ‘라그나로크’의 위기에 처한다. 헬라에게 자신의 망치마저 파괴당한 토르는 다음주 월요일 14:00까지 육군훈련소에 입소하여주시기 바랍니다.… https://t.co/jDfWh5u23Q"
Fri Oct 22 07:08:53 +0000 2021,"업소녀
목포노래방
라그나로크
안희정
BMW7시리즈기아K7
일곱개의대죄
아프리카티비
야식그램
마이클젝슨 https://t.co/8dU4OkDHhL"
Fri Oct 22 07:08:32 +0000 2021,라그나로크.
Fri Oct 22 05:14:29 +0000 2021,......라그나로크나 다시 일으켜버릴까..
Fri Oct 22 04:32:59 +0000 2021,Rpg룰 하다보면 라그나로크 하고 싶어지는...
Fri Oct 22 04:14:12 +0000 2021,아 맞다 혹시 톨3 토르3 토르 라그나로크 아트북 판매하시는 분 계시면 저에게 디엠멘션 꼭 부탁드려요.... 😢 운포 3.5~4.5 생각하구 있어오
Fri Oct 22 03:53:38 +0000 2021,왜.네가 이것을...라그나로크를 가지고 있는거지?/자동
Fri Oct 22 03:23:52 +0000 2021,라그나로크라고?어떻게..../자동
Fri Oct 22 02:04:35 +0000 2021,"사치왕은 빌가메스만으로도 스케일 라그나로크나 열화 질풍왕 소생트리거를 켜주며 아제우스를 무조건! 써야하기 때문에 2장 채용

원래는 빌가메스로 극지왕 깔고 라미아랑 합쳐서 주혈왕 만들었는데
이젠 노도왕에 집중해야하니 극지왕 셋팅이 필요없어짐"
Fri Oct 22 00:52:07 +0000 2021,"사이옥신 문제도 덩달아 해결. 페잔을 통한 동맹 침공을 계획하던 라인은 웬리쨩의 반대×황제 후광으로 협박이 안 통하는 란데스헤르 보리스의 튕겨냈다! 스킬로 라그나로크를 포기할 수밖에..

사실 웬리쨩은 공주… https://t.co/6GaOnnTR4M"
Fri Oct 22 00:11:40 +0000 2021,둘이 은근 케미 좋다고 괜히 라그나로크가 흥행한게 아니야 https://t.co/PgT4zZBdmO
Thu Oct 21 23:51:03 +0000 2021,"RT @llapiuyuuuuu: 크림가지파스타랑 블루문 먹으면서 에이지 오브 개망작 울트론 보는 타래

어벤1 타래&gt;&gt;https://t.co/6NGUaLw0RE …
퍼벤&gt;&gt;https://t.co/p5iB6IigU0 …
윈솔&gt;&gt;https://t.co/…"
Thu Oct 21 23:24:19 +0000 2021,로드의 순수한 혈통이 아니라면 라그나로크를 사용하지 못하는 것은 당연하겠지/자동
Thu Oct 21 20:48:35 +0000 2021,내 존재 의미는 글쎄... 라그나로크 게임에 들어오면서 이미 끝난 거 아닐까나...
Thu Oct 21 20:37:24 +0000 2021,아 ㅋ 안닫혀이ㅛ네 나의고향 라그나로크에 다시하나 만들겠어
Thu Oct 21 20:36:35 +0000 2021,마나데센 에테르데센 프멀데센 라이트데센에 하나씩 만들까.. 카오스 라그나로크가 지금 닫혀있던가 라이트 오딘으로 갈까
Thu Oct 21 18:48:26 +0000 2021,뭘 새삼 그렇게 말해? 라그나로크 게임을 봐왔었다면 꽤나 익숙한 광경이지 않았으려나? 세계에서 유일하게 허락된 살인 말이지.
Thu Oct 21 17:56:58 +0000 2021,RT @puppy__bear: 케이블티비아니라 투니버스 안나오는 집은 12번 틀면 자막달인 미더빙 일본애니 나왔었는데 거기서 하는 마탐정 로키 라그나로크도 좋아했음..(그뭔씹중
Thu Oct 21 17:54:07 +0000 2021,케이블티비아니라 투니버스 안나오는 집은 12번 틀면 자막달인 미더빙 일본애니 나왔었는데 거기서 하는 마탐정 로키 라그나로크도 좋아했음..(그뭔씹중
Thu Oct 21 16:19:57 +0000 2021,아무튼 라그나로크를 다 봤으니 내일은 카우보이 비밥 보기 시작해야지 내 추억의 애니
Thu Oct 21 15:59:34 +0000 2021,"파일구리 대딩 헬스장야동 난교야동 모아 그라비아걸빠구리 채팅만남

  ❤조건 공떡 섹파 많은 폰팅 번호❤
☎️0️⃣6️⃣0️⃣-7️⃣0️⃣6️⃣-2️⃣4️⃣2️⃣4️⃣ 
        ❤리얼 즐섹 즐떡 하기… https://t.co/nzsSTDEZDS"
Thu Oct 21 15:23:26 +0000 2021,라그나로크라고?어떻게..../자동
Thu Oct 21 13:47:49 +0000 2021,"RT @llapiuyuuuuu: 크림가지파스타랑 블루문 먹으면서 에이지 오브 개망작 울트론 보는 타래

어벤1 타래&gt;&gt;https://t.co/6NGUaLw0RE …
퍼벤&gt;&gt;https://t.co/p5iB6IigU0 …
윈솔&gt;&gt;https://t.co/…"
Thu Oct 21 13:44:28 +0000 2021,......라그나로크나 다시 일으켜버릴까..
Thu Oct 21 13:19:50 +0000 2021,"제작/개봉 예정인 마블 영화 2: 가디언즈 오브 갤럭시 2(2017. 5),  토르 3: 라그나로크(2017. 7), 블랙 팬서(2017. 11), 캡틴 마블(2018. 6), 인휴먼즈(2018. 11)"
Thu Oct 21 12:19:45 +0000 2021,"~슈고 스태프에 이름 짓기~
시그 : (악법도 법인데
롱기누스2세게이볼그궁니르발키리라그나로크아스클레피오스히포크라테스담요아포칼립스천년지기키요라 도 키요라인가?)"
Thu Oct 21 10:06:05 +0000 2021,@Jean_Henriette_ 로키는 라그나로크때 헤임달하고 서로 죽은거로 알고있었어 난 ㅇㅇㅇㅇ로키 자식들중에서도 그런 애는 없는데 검색해보니 지크프리드인듯 https://t.co/txEPSPZ0AQ
Thu Oct 21 09:36:48 +0000 2021,@yoongaphee 라그나로크
Thu Oct 21 09:31:56 +0000 2021,수능 2주 남기고 수능치면 뭐하고 놀까 친구들이랑 조사하다가 우리 수능 끝나면 꼭 라그나로크 온라인 하자! 이러고 약속했는데 못참고 걍 바로 PC방가서 수능칠때까지 개 재미있게 라그나로크 함. 근데 고등학교… https://t.co/5pCwu6yQtb
Thu Oct 21 09:08:51 +0000 2021,라그나로크?
Thu Oct 21 08:49:38 +0000 2021,@vanessa_bjd 그러게요 어메이징…! 제 기억은 아마 라그나로크?에서 머물러 있는거 같은뎈ㅋㅋ
Thu Oct 21 08:48:47 +0000 2021,"내가 하는 선택은 지금 할 수 있는 최선의 선택이고. ..... 꽤 신파극이겠네. 윤리도 뭣도 없는 라그나로크 게임에서 죽이고 나서야 후회하는 인간이라니. ..아니, 전혀.. 그냥 내가 나쁜 사람으로 남았으면 하니까."
Thu Oct 21 08:09:15 +0000 2021,맞아요 갓오브워 진심갓겜임 라그나로크빨리나왔으면 똥쭐탐 암튼 갓겜이니까 이름그대로인 갓오브워 갓갓 해보세 https://t.co/5xygh0ibi0
Thu Oct 21 08:00:56 +0000 2021,"RT @OverwatchKR: 라그나로크를 준비하십시오. ⚔️

에인헤랴르 자리야가 되어 적을 괴멸하세요! 에인헤랴르 자리야(영웅 스킨)는 10월 26일까지 획득할 수 있습니다. https://t.co/swiElLVaEl"
Thu Oct 21 07:36:53 +0000 2021,갓오워는 저 판매량 인정이지. 그러니까 빨리 라그나로크좀 ㅠㅠ
Thu Oct 21 07:31:14 +0000 2021,"RT @OverwatchKR: 라그나로크를 준비하십시오. ⚔️

에인헤랴르 자리야가 되어 적을 괴멸하세요! 에인헤랴르 자리야(영웅 스킨)는 10월 26일까지 획득할 수 있습니다. https://t.co/swiElLVaEl"
Thu Oct 21 07:07:15 +0000 2021,와중에 토르 라그나로크는 넷플에 있으므로 토르2까지만 사야겟다
Thu Oct 21 06:38:38 +0000 2021,"하 옆에 그마 얼굴만봐도 왜케 웃기지
그립다 라그나로크"
Thu Oct 21 05:45:52 +0000 2021,10월 대규모 업데이트로 돌아온 라그나로크 오리진! 호식이두마리치킨 얻어먹자?! [EastJade] https://t.co/jnYBJ6ZlVZ
Thu Oct 21 03:53:33 +0000 2021,왜.네가 이것을...라그나로크를 가지고 있는거지?/자동
Thu Oct 21 03:37:28 +0000 2021,"RT @llapiuyuuuuu: 크림가지파스타랑 블루문 먹으면서 에이지 오브 개망작 울트론 보는 타래

어벤1 타래&gt;&gt;https://t.co/6NGUaLw0RE …
퍼벤&gt;&gt;https://t.co/p5iB6IigU0 …
윈솔&gt;&gt;https://t.co/…"
Thu Oct 21 02:49:37 +0000 2021,"덕템님 팝아이 뱃지
로키스 아미 뱃지
썸쎄님 헬라 발키리 1차
라그나로크 로키
사카아르 로키
솜바새님 로키 뱃지
마블 해외 뱃지
가모라 칼 뱃지
다룩님 대니쉬걸 뱃지
toki studio 로키 옷장 뱃지
수… https://t.co/gC0vPaEvRi"
Thu Oct 21 00:34:42 +0000 2021,라그나로크의 끝입니다. 사슬이 끊긴 이리가 나를 향해 입을 벌리는군요.
Wed Oct 20 23:51:17 +0000 2021,라그나로크 13:45 에 춋또 오니쨩
Wed Oct 20 23:49:49 +0000 2021,"갓오브워 3 리마부터 하고 4 해볼 생각인데.. 이와중에 PC이식 소식이 들려서 ㅋㅋ

라그나로크가 내년 발매이니 PC로 전작 맛보게 한다음 후속작도 하고 싶어진 사람들을 플스 쪽으로 유도하려는 계산도 있겠지."
Wed Oct 20 23:24:34 +0000 2021,로드의 순수한 혈통이 아니라면 라그나로크를 사용하지 못하는 것은 당연하겠지/자동
Wed Oct 20 23:13:45 +0000 2021,"처음으로본마블영화
영화관에서는... 라그나로크
티비에서는... 오씨엔에서 툭하면해주는 에오울
그전엔 관심없엇던가? 아무튼그럼"
Wed Oct 20 22:45:03 +0000 2021,"RT @jhs1284: @rude3619 재밋어요 ㅠㅠ

내년에 갓오워4의 후속작 라그나로크도 나온다고 하고잇어요 ㅠㅠㅠ

갓오워4는 북유럽 신화 배경이구

큰 내용은 개비와 찐빵의 부자서사에요"
Wed Oct 20 22:42:50 +0000 2021,"@rude3619 재밋어요 ㅠㅠ

내년에 갓오워4의 후속작 라그나로크도 나온다고 하고잇어요 ㅠㅠㅠ

갓오워4는 북유럽 신화 배경이구

큰 내용은 개비와 찐빵의 부자서사에요"
Wed Oct 20 22:34:20 +0000 2021,차라리 이대로 라그나로크를 일으켜버리는게 어때? 깔끔하게.
Wed Oct 20 22:14:48 +0000 2021,16. 웃었던 영화라… 왠만한 개그포인트엔 진짜 잘 웃는 편인듯… 근데 확실히 한국식 유머코드보단 해외유머 코드에 더 잘 터짐…(?) 가장 많이 웃은건 토르 라그나로크가 아닐까…
Wed Oct 20 21:48:16 +0000 2021,"☔ 20. 

히어로구나! 드디어 히어로! 나인. 이 엄마가 이 날을 얼마나 기대했는지 알고 있니? 라그나로크 사건 이 전의 그 히어로와 같은 히어로가 내 아들이라니. 엄마는 네가 정말 자랑스럽고 여전히 사… https://t.co/T8CRVkinbV"
Wed Oct 20 20:48:36 +0000 2021,"..... ..... 당신의 목적을 모르겠어. 라그나로크 게임에서... ... 왜 지키려고 했던 거야? 밖에서라면.. 더 당신을 깎아내지 않는 방향으로, 어쩌면 행복해질 수도 있었잖아. .. 내가 죽은 것도… https://t.co/1loBk9LKUh"
Wed Oct 20 20:22:23 +0000 2021,진짜 엔겜은 토르가 ㄹㄱㄴ였지 토르 ㄹㅇ 인워 직전에 라그나로크에서 타이카가 하악~~ 토르 좋아 로키 최고~~ 하면서 덕질 오지게 해서 나는 아스가르드의 왕이다 두둥 해놨는데 인워 끝나니까 갑자기 개뚱띠돼지… https://t.co/eHsHbf4bEt
Wed Oct 20 18:45:07 +0000 2021,"@PaperBonk1205 어우 뭔가했더니 라그나로크가 아니고 이전 갓옵워네...
타플도 풀리기는 하는구나"
Wed Oct 20 18:29:44 +0000 2021,@Pleasure54 찍먹하고 라그나로크 하라고 (?)
Wed Oct 20 17:33:16 +0000 2021,"""우~ 티타노마키아! 기간토마키아! 라그나로크!"""
Wed Oct 20 17:02:02 +0000 2021,"라그나로크는 신들의 운명이라는 뜻인데, 신=/=머리라고 생각함... A사는 앙겔로스 아니면 아담일 것 같은데 천사든 아담이든 신의 피조물에 지나지 않고 보라눈물이 처치하려는 건 문(달) 너머의 존재일 듯"
Wed Oct 20 16:57:51 +0000 2021,보라눈물 심볼... 우로보로스가 아니라 우로보로스를 끊는 검이 중요한 거라면 우로보로스=요르문간드고 요르문간드가 꼬리를 놓는 순간 라그나로크가 벌어지니까 보라눈물 최종목적은 도시파멸(진짜 멸망이 아니라 재탄생)이 맞는 것 같은...
Wed Oct 20 16:51:21 +0000 2021,예상하건데 오딘옆에 프리가 없었으면 토르1은 로키가 청소년때 일어났다 프리가 있어서 성인까지 참았지 사춘기에 보호자가 오딘뿐이면 로키 개삐뚤어져서 토르1 전에 라그나로크 일으킴 https://t.co/QR8T28VqEv
Wed Oct 20 16:48:02 +0000 2021,"RT @OverwatchKR: 라그나로크를 준비하십시오. ⚔️

에인헤랴르 자리야가 되어 적을 괴멸하세요! 에인헤랴르 자리야(영웅 스킨)는 10월 26일까지 획득할 수 있습니다. https://t.co/swiElLVaEl"
Wed Oct 20 16:44:51 +0000 2021,"RT @OverwatchKR: 라그나로크를 준비하십시오. ⚔️

에인헤랴르 자리야가 되어 적을 괴멸하세요! 에인헤랴르 자리야(영웅 스킨)는 10월 26일까지 획득할 수 있습니다. https://t.co/swiElLVaEl"
Wed Oct 20 16:44:33 +0000 2021,"RT @OverwatchKR: 라그나로크를 준비하십시오. ⚔️

에인헤랴르 자리야가 되어 적을 괴멸하세요! 에인헤랴르 자리야(영웅 스킨)는 10월 26일까지 획득할 수 있습니다. https://t.co/swiElLVaEl"
Wed Oct 20 16:36:32 +0000 2021,토르: 라그나로크 (Thor: Ragnarok) https://t.co/cHwSv2tM3j
Wed Oct 20 15:24:27 +0000 2021,라그나로크라고?어떻게..../자동
Wed Oct 20 14:47:19 +0000 2021,"내일 14하기전에 할거

킹이즈백
리바이브
와카라나이
라그나로크"
Wed Oct 20 14:42:27 +0000 2021,"11. &lt;닥터 스트레인지&gt;하고 &lt;토르: 라그나로크&gt;.... 어벤 시리즈 아니라고 영화관 안간 과거의 나를 멱살 잡고 탈탈 흔들어 버리고 싶음

12. &lt;조선마술사&gt; 학교에서 입시 끝난 3학년만 데려가서 봤는… https://t.co/LMRPNVqmQW"
Wed Oct 20 14:26:19 +0000 2021,"라그나로크
외모지상주의
평창올림픽
시리즈
가상화폐
야식스타그램
월드컵 https://t.co/BbmjbUiYzd"
Wed Oct 20 14:25:53 +0000 2021,"RT @OverwatchKR: 라그나로크를 준비하십시오. ⚔️

에인헤랴르 자리야가 되어 적을 괴멸하세요! 에인헤랴르 자리야(영웅 스킨)는 10월 26일까지 획득할 수 있습니다. https://t.co/swiElLVaEl"
Wed Oct 20 14:14:00 +0000 2021,11오딘 은... 아토르간에만 등장해서 프릿슈는 관계 1도 업는... 혹시 샨토토님 의식하고 들고왔나 싶기도한데 그럴거면 라그나로크나... 알렉테마인편이 맞음
Wed Oct 20 14:04:49 +0000 2021,"120개 중에 40개 해서 80개 남았는데 내일 할까 아니면 라그나로크를 보며 맥주와 함께 일을 할까 
정말 싫다 내일이 목요일어서 참는다 오늘이 화요일이었으면 일도 안 하고 맥주 마셨을거야"
Wed Oct 20 14:03:33 +0000 2021,"가장 유명한 라그나로크 이야기를 깜빡했군. 그건 미래에 일어날 것이라고 예언된 일련의 사건들이다. 거대한 전쟁이 일어나 인간들과 요정들, 그리고 신까지, 신화의 주요 인물들이 대부분 죽어 버린다는 내용을 담고 있어."
Wed Oct 20 13:58:53 +0000 2021,"RT @OverwatchKR: 라그나로크를 준비하십시오. ⚔️

에인헤랴르 자리야가 되어 적을 괴멸하세요! 에인헤랴르 자리야(영웅 스킨)는 10월 26일까지 획득할 수 있습니다. https://t.co/swiElLVaEl"
Wed Oct 20 13:37:46 +0000 2021,"라그나로크
외모지상주의
평창올림픽
시리즈
가상화폐
야식스타그램
월드컵 https://t.co/3FeuGUgJRD"
Wed Oct 20 12:34:50 +0000 2021,18. 라그나로크 온라인 : https://t.co/kRyG6ofQ2k
Wed Oct 20 12:25:58 +0000 2021,"라그나로크
외모지상주의
평창올림픽
시리즈
가상화폐
야식스타그램
월드컵 https://t.co/rXVw0gpUlc"
Wed Oct 20 12:17:51 +0000 2021,"RT @OverwatchKR: 라그나로크를 준비하십시오. ⚔️

에인헤랴르 자리야가 되어 적을 괴멸하세요! 에인헤랴르 자리야(영웅 스킨)는 10월 26일까지 획득할 수 있습니다. https://t.co/swiElLVaEl"
Wed Oct 20 11:24:37 +0000 2021,로드의 순수한 혈통이 아니라면 라그나로크를 사용하지 못하는 것은 당연하겠지/자동
Wed Oct 20 11:00:41 +0000 2021,"RT @llapiuyuuuuu: 크림가지파스타랑 블루문 먹으면서 에이지 오브 개망작 울트론 보는 타래

어벤1 타래&gt;&gt;https://t.co/6NGUaLw0RE …
퍼벤&gt;&gt;https://t.co/p5iB6IigU0 …
윈솔&gt;&gt;https://t.co/…"
Wed Oct 20 10:51:25 +0000 2021,"라그나로크 재밌었지! 본캐 팔라딘이고 부캐는 댄서였습니당! 코스도 열심히 했었는데ㅋㅋㅋㅋ
아직도 댄서는 코스 위시이긴 해욤 https://t.co/FHNaOD7QAw"
Wed Oct 20 10:51:02 +0000 2021,"RT @OverwatchKR: 라그나로크를 준비하십시오. ⚔️

에인헤랴르 자리야가 되어 적을 괴멸하세요! 에인헤랴르 자리야(영웅 스킨)는 10월 26일까지 획득할 수 있습니다. https://t.co/swiElLVaEl"
Wed Oct 20 10:42:13 +0000 2021,내년에는 라그나로크 코스할 수 있으려나. 소드맨이 나이트보다 화려하진 않아도 준비하기는 더 저렴하겠지?ㅋㅋㅋ https://t.co/e2Ss9GjGco
Wed Oct 20 09:48:52 +0000 2021,"라그나로크
외모지상주의
평창올림픽
시리즈
가상화폐
야식스타그램
월드컵 https://t.co/qcd8W01rgr"
Wed Oct 20 08:34:11 +0000 2021,야외 라그나로크!
Wed Oct 20 07:39:51 +0000 2021,RT @llapiuyuuuuu: 라그나로크 진엔딩 https://t.co/u4PTRbq85f
Wed Oct 20 07:39:12 +0000 2021,RT @llapiuyuuuuu: 라그나로크에서 제일 왜나왔는지 알수없는 의사양반 https://t.co/zPH2ZtfuRU
Wed Oct 20 06:23:53 +0000 2021,"RT @OverwatchKR: 라그나로크를 준비하십시오. ⚔️

에인헤랴르 자리야가 되어 적을 괴멸하세요! 에인헤랴르 자리야(영웅 스킨)는 10월 26일까지 획득할 수 있습니다. https://t.co/swiElLVaEl"
Wed Oct 20 05:43:05 +0000 2021,"발키리, 와이번, 라그나로크, 데스사이저 말고 다른 베이들도 카피를 하고 있었던 거임....? 무더기로 카피 하고 있는데 그 중에 크로노스도 있어서 같이 끼워넣은 거야 뭐야... 사실 스토리 전개상(ㅋㅋ)… https://t.co/t9gsRiyuWH"
Wed Oct 20 05:41:28 +0000 2021,"근데 섀도 베이즈 말이야... 발키리, 와이번, 라그나로크, 데스사이저는 뭐 슈 친구들 베이니까 미리 알 수 있다고 쳐도.... 쿠자가 중간에 합류해서 같이 올 거라는건 어떻게 알고 만든 거야...? ㅋㅋㅋ… https://t.co/PAmY0gecDJ"
Wed Oct 20 05:04:10 +0000 2021,"RT @gamer_aruss: 📝
10월 27일 마블 가디언즈 오브 갤럭시
11월 5일 콜오브듀티 뱅가드
11월 19일 배틀필드 2042

2022년
1월 중 레식 익스트랙션
2월 5일 다잉 라이트2
2월 18일 호라이즌 포비든 웨스트
2월 25일…"
Wed Oct 20 04:58:38 +0000 2021,"RT @OverwatchKR: 라그나로크를 준비하십시오. ⚔️

에인헤랴르 자리야가 되어 적을 괴멸하세요! 에인헤랴르 자리야(영웅 스킨)는 10월 26일까지 획득할 수 있습니다. https://t.co/swiElLVaEl"
Wed Oct 20 04:50:52 +0000 2021,"RT @gamer_aruss: 📝
10월 27일 마블 가디언즈 오브 갤럭시
11월 5일 콜오브듀티 뱅가드
11월 19일 배틀필드 2042

2022년
1월 중 레식 익스트랙션
2월 5일 다잉 라이트2
2월 18일 호라이즌 포비든 웨스트
2월 25일…"
Wed Oct 20 04:42:46 +0000 2021,"RT @OverwatchKR: 라그나로크를 준비하십시오. ⚔️

에인헤랴르 자리야가 되어 적을 괴멸하세요! 에인헤랴르 자리야(영웅 스킨)는 10월 26일까지 획득할 수 있습니다. https://t.co/swiElLVaEl"
Wed Oct 20 04:42:18 +0000 2021,"RT @OverwatchKR: 라그나로크를 준비하십시오. ⚔️

에인헤랴르 자리야가 되어 적을 괴멸하세요! 에인헤랴르 자리야(영웅 스킨)는 10월 26일까지 획득할 수 있습니다. https://t.co/swiElLVaEl"
Wed Oct 20 04:41:14 +0000 2021,"RT @gamer_aruss: 📝
10월 27일 마블 가디언즈 오브 갤럭시
11월 5일 콜오브듀티 뱅가드
11월 19일 배틀필드 2042

2022년
1월 중 레식 익스트랙션
2월 5일 다잉 라이트2
2월 18일 호라이즌 포비든 웨스트
2월 25일…"
Wed Oct 20 04:39:32 +0000 2021,"📝
10월 27일 마블 가디언즈 오브 갤럭시
11월 5일 콜오브듀티 뱅가드
11월 19일 배틀필드 2042

2022년
1월 중 레식 익스트랙션
2월 5일 다잉 라이트2
2월 18일 호라이즌 포비든 웨스트… https://t.co/pDXxdxoLdP"
Wed Oct 20 04:32:28 +0000 2021,"RT @OverwatchKR: 라그나로크를 준비하십시오. ⚔️

에인헤랴르 자리야가 되어 적을 괴멸하세요! 에인헤랴르 자리야(영웅 스킨)는 10월 26일까지 획득할 수 있습니다. https://t.co/swiElLVaEl"
Wed Oct 20 04:26:29 +0000 2021,"RT @OverwatchKR: 라그나로크를 준비하십시오. ⚔️

에인헤랴르 자리야가 되어 적을 괴멸하세요! 에인헤랴르 자리야(영웅 스킨)는 10월 26일까지 획득할 수 있습니다. https://t.co/swiElLVaEl"
Wed Oct 20 04:23:35 +0000 2021,"RT @OverwatchKR: 라그나로크를 준비하십시오. ⚔️

에인헤랴르 자리야가 되어 적을 괴멸하세요! 에인헤랴르 자리야(영웅 스킨)는 10월 26일까지 획득할 수 있습니다. https://t.co/swiElLVaEl"
Wed Oct 20 04:13:36 +0000 2021,"RT @OverwatchKR: 라그나로크를 준비하십시오. ⚔️

에인헤랴르 자리야가 되어 적을 괴멸하세요! 에인헤랴르 자리야(영웅 스킨)는 10월 26일까지 획득할 수 있습니다. https://t.co/swiElLVaEl"
Wed Oct 20 04:05:39 +0000 2021,"RT @OverwatchKR: 라그나로크를 준비하십시오. ⚔️

에인헤랴르 자리야가 되어 적을 괴멸하세요! 에인헤랴르 자리야(영웅 스킨)는 10월 26일까지 획득할 수 있습니다. https://t.co/swiElLVaEl"
Wed Oct 20 04:03:14 +0000 2021,"RT @OverwatchKR: 라그나로크를 준비하십시오. ⚔️

에인헤랴르 자리야가 되어 적을 괴멸하세요! 에인헤랴르 자리야(영웅 스킨)는 10월 26일까지 획득할 수 있습니다. https://t.co/swiElLVaEl"
Wed Oct 20 03:59:39 +0000 2021,"RT @OverwatchKR: 라그나로크를 준비하십시오. ⚔️

에인헤랴르 자리야가 되어 적을 괴멸하세요! 에인헤랴르 자리야(영웅 스킨)는 10월 26일까지 획득할 수 있습니다. https://t.co/swiElLVaEl"
Wed Oct 20 03:58:49 +0000 2021,"RT @OverwatchKR: 라그나로크를 준비하십시오. ⚔️

에인헤랴르 자리야가 되어 적을 괴멸하세요! 에인헤랴르 자리야(영웅 스킨)는 10월 26일까지 획득할 수 있습니다. https://t.co/swiElLVaEl"
Wed Oct 20 03:58:41 +0000 2021,"RT @OverwatchKR: 라그나로크를 준비하십시오. ⚔️

에인헤랴르 자리야가 되어 적을 괴멸하세요! 에인헤랴르 자리야(영웅 스킨)는 10월 26일까지 획득할 수 있습니다. https://t.co/swiElLVaEl"
Wed Oct 20 03:55:40 +0000 2021,"RT @OverwatchKR: 라그나로크를 준비하십시오. ⚔️

에인헤랴르 자리야가 되어 적을 괴멸하세요! 에인헤랴르 자리야(영웅 스킨)는 10월 26일까지 획득할 수 있습니다. https://t.co/swiElLVaEl"
Wed Oct 20 03:53:31 +0000 2021,왜.네가 이것을...라그나로크를 가지고 있는거지?/자동
Wed Oct 20 03:48:03 +0000 2021,"RT @OverwatchKR: 라그나로크를 준비하십시오. ⚔️

에인헤랴르 자리야가 되어 적을 괴멸하세요! 에인헤랴르 자리야(영웅 스킨)는 10월 26일까지 획득할 수 있습니다. https://t.co/swiElLVaEl"
Wed Oct 20 03:42:03 +0000 2021,"RT @OverwatchKR: 라그나로크를 준비하십시오. ⚔️

에인헤랴르 자리야가 되어 적을 괴멸하세요! 에인헤랴르 자리야(영웅 스킨)는 10월 26일까지 획득할 수 있습니다. https://t.co/swiElLVaEl"
Wed Oct 20 03:34:14 +0000 2021,"RT @OverwatchKR: 라그나로크를 준비하십시오. ⚔️

에인헤랴르 자리야가 되어 적을 괴멸하세요! 에인헤랴르 자리야(영웅 스킨)는 10월 26일까지 획득할 수 있습니다. https://t.co/swiElLVaEl"
Wed Oct 20 03:26:53 +0000 2021,"RT @OverwatchKR: 라그나로크를 준비하십시오. ⚔️

에인헤랴르 자리야가 되어 적을 괴멸하세요! 에인헤랴르 자리야(영웅 스킨)는 10월 26일까지 획득할 수 있습니다. https://t.co/swiElLVaEl"
Wed Oct 20 03:26:27 +0000 2021,"RT @OverwatchKR: 라그나로크를 준비하십시오. ⚔️

에인헤랴르 자리야가 되어 적을 괴멸하세요! 에인헤랴르 자리야(영웅 스킨)는 10월 26일까지 획득할 수 있습니다. https://t.co/swiElLVaEl"
Wed Oct 20 03:12:51 +0000 2021,"RT @OverwatchKR: 라그나로크를 준비하십시오. ⚔️

에인헤랴르 자리야가 되어 적을 괴멸하세요! 에인헤랴르 자리야(영웅 스킨)는 10월 26일까지 획득할 수 있습니다. https://t.co/swiElLVaEl"
Wed Oct 20 03:06:42 +0000 2021,"RT @OverwatchKR: 라그나로크를 준비하십시오. ⚔️

에인헤랴르 자리야가 되어 적을 괴멸하세요! 에인헤랴르 자리야(영웅 스킨)는 10월 26일까지 획득할 수 있습니다. https://t.co/swiElLVaEl"
Wed Oct 20 02:58:29 +0000 2021,"RT @OverwatchKR: 라그나로크를 준비하십시오. ⚔️

에인헤랴르 자리야가 되어 적을 괴멸하세요! 에인헤랴르 자리야(영웅 스킨)는 10월 26일까지 획득할 수 있습니다. https://t.co/swiElLVaEl"
Wed Oct 20 02:43:15 +0000 2021,"RT @OverwatchKR: 라그나로크를 준비하십시오. ⚔️

에인헤랴르 자리야가 되어 적을 괴멸하세요! 에인헤랴르 자리야(영웅 스킨)는 10월 26일까지 획득할 수 있습니다. https://t.co/swiElLVaEl"
Wed Oct 20 02:37:47 +0000 2021,"RT @OverwatchKR: 라그나로크를 준비하십시오. ⚔️

에인헤랴르 자리야가 되어 적을 괴멸하세요! 에인헤랴르 자리야(영웅 스킨)는 10월 26일까지 획득할 수 있습니다. https://t.co/swiElLVaEl"
Wed Oct 20 02:34:12 +0000 2021,"RT @OverwatchKR: 라그나로크를 준비하십시오. ⚔️

에인헤랴르 자리야가 되어 적을 괴멸하세요! 에인헤랴르 자리야(영웅 스킨)는 10월 26일까지 획득할 수 있습니다. https://t.co/swiElLVaEl"
Wed Oct 20 02:27:55 +0000 2021,"RT @OverwatchKR: 라그나로크를 준비하십시오. ⚔️

에인헤랴르 자리야가 되어 적을 괴멸하세요! 에인헤랴르 자리야(영웅 스킨)는 10월 26일까지 획득할 수 있습니다. https://t.co/swiElLVaEl"
Wed Oct 20 02:21:44 +0000 2021,"RT @OverwatchKR: 라그나로크를 준비하십시오. ⚔️

에인헤랴르 자리야가 되어 적을 괴멸하세요! 에인헤랴르 자리야(영웅 스킨)는 10월 26일까지 획득할 수 있습니다. https://t.co/swiElLVaEl"
Wed Oct 20 02:15:13 +0000 2021,"RT @OverwatchKR: 라그나로크를 준비하십시오. ⚔️

에인헤랴르 자리야가 되어 적을 괴멸하세요! 에인헤랴르 자리야(영웅 스킨)는 10월 26일까지 획득할 수 있습니다. https://t.co/swiElLVaEl"
Wed Oct 20 02:14:14 +0000 2021,"RT @OverwatchKR: 라그나로크를 준비하십시오. ⚔️

에인헤랴르 자리야가 되어 적을 괴멸하세요! 에인헤랴르 자리야(영웅 스킨)는 10월 26일까지 획득할 수 있습니다. https://t.co/swiElLVaEl"
Wed Oct 20 02:07:23 +0000 2021,"RT @OverwatchKR: 라그나로크를 준비하십시오. ⚔️

에인헤랴르 자리야가 되어 적을 괴멸하세요! 에인헤랴르 자리야(영웅 스킨)는 10월 26일까지 획득할 수 있습니다. https://t.co/swiElLVaEl"
Wed Oct 20 02:04:37 +0000 2021,"RT @OverwatchKR: 라그나로크를 준비하십시오. ⚔️

에인헤랴르 자리야가 되어 적을 괴멸하세요! 에인헤랴르 자리야(영웅 스킨)는 10월 26일까지 획득할 수 있습니다. https://t.co/swiElLVaEl"
Wed Oct 20 02:01:32 +0000 2021,"180126 부가판권 토르: 라그나로크 (Thor: Ragnarok, 2017) 성우진

안장혁 - 토르 役 (크리스 헴스워스)
엄상현 - 로키 役 (톰 히들스턴)
이계윤 - 헬라 役 (케이트 블란쳇)
시영… https://t.co/vhxFeLocus"
Wed Oct 20 01:59:41 +0000 2021,"RT @OverwatchKR: 라그나로크를 준비하십시오. ⚔️

에인헤랴르 자리야가 되어 적을 괴멸하세요! 에인헤랴르 자리야(영웅 스킨)는 10월 26일까지 획득할 수 있습니다. https://t.co/swiElLVaEl"
Wed Oct 20 01:59:25 +0000 2021,"RT @OverwatchKR: 라그나로크를 준비하십시오. ⚔️

에인헤랴르 자리야가 되어 적을 괴멸하세요! 에인헤랴르 자리야(영웅 스킨)는 10월 26일까지 획득할 수 있습니다. https://t.co/swiElLVaEl"
Wed Oct 20 01:59:09 +0000 2021,"RT @OverwatchKR: 라그나로크를 준비하십시오. ⚔️

에인헤랴르 자리야가 되어 적을 괴멸하세요! 에인헤랴르 자리야(영웅 스킨)는 10월 26일까지 획득할 수 있습니다. https://t.co/swiElLVaEl"
Wed Oct 20 01:58:05 +0000 2021,"RT @OverwatchKR: 라그나로크를 준비하십시오. ⚔️

에인헤랴르 자리야가 되어 적을 괴멸하세요! 에인헤랴르 자리야(영웅 스킨)는 10월 26일까지 획득할 수 있습니다. https://t.co/swiElLVaEl"
Wed Oct 20 01:55:11 +0000 2021,"라그나로크를 준비하십시오. ⚔️

에인헤랴르 자리야가 되어 적을 괴멸하세요! 에인헤랴르 자리야(영웅 스킨)는 10월 26일까지 획득할 수 있습니다. https://t.co/swiElLVaEl"
Wed Oct 20 00:58:03 +0000 2021,@HwonYoong 라그나로크 메이플 테일즈위버 라테일 맞나여 ㅋㅋ
Tue Oct 19 23:32:09 +0000 2021,라그나로크 보고싶다
Tue Oct 19 19:22:05 +0000 2021,"40대스커트
인스타일상
강호동
아기그램
라그나로크
밥버거
리니지M
소떡오떡
엔조이"
Tue Oct 19 15:53:30 +0000 2021,왜.네가 이것을...라그나로크를 가지고 있는거지?/자동
Tue Oct 19 15:27:55 +0000 2021,"죽음의 여신 ‘헬라’가 아스가르드를 침략하고,세상은 모든 것의 종말 ‘라그나로크’의 위기에 처한다. 헬라에게 자신의 망치마저 파괴당한 토르는 다음주 월요일 14:00까지 육군훈련소에 입소하여주시기 바랍니다.… https://t.co/214Of2bmjR"
Tue Oct 19 15:24:08 +0000 2021,라그나로크라고?어떻게..../자동
Tue Oct 19 15:24:02 +0000 2021,"RT @U_Yangdo: 토르 라그나로크 CGV 토르 싱글콤보 컵 판매/양도합니다

포장비닐 그대로인 새 제품입니다
뚜껑이 토르 투구 모양이에요!
5000원

택배 gs만 이용
반값 1600
일반 수도권 2900 타권 3400 https://t.co…"
Tue Oct 19 15:17:30 +0000 2021,"RT @U_Yangdo: 토르 라그나로크 CGV 토르 싱글콤보 컵 판매/양도합니다

포장비닐 그대로인 새 제품입니다
뚜껑이 토르 투구 모양이에요!
5000원

택배 gs만 이용
반값 1600
일반 수도권 2900 타권 3400 https://t.co…"
Tue Oct 19 14:35:02 +0000 2021,이제 아까 인알이랑 한 라그나로크 타래 보이실거임 아잠만 저니발도 들고올게요 그게진짜웃김
Tue Oct 19 14:30:04 +0000 2021,"토르 라그나로크 CGV 토르 싱글콤보 컵 판매/양도합니다

포장비닐 그대로인 새 제품입니다
뚜껑이 토르 투구 모양이에요!
5000원

택배 gs만 이용
반값 1600
일반 수도권 2900 타권 3400 https://t.co/LXxPoWC8hi"
Tue Oct 19 14:25:30 +0000 2021,내 라그나로크 타래도 진!~~~~~짜웃김
Tue Oct 19 14:23:30 +0000 2021,아레뱅은 좋아하지만 라그나로크 6마지막의 그거까지 좋아할 수는 없는거죠...
Tue Oct 19 14:22:23 +0000 2021,"RT @gksmfgksmftj: 라그나로크보기전
마도배만본인상2
제가이런말안하려고했는데
야이새끼야 https://t.co/rp648LR29V"
Tue Oct 19 14:22:06 +0000 2021,"나라그나로크더빙판도좋아함
그냥그모든포인트가좋음"
Tue Oct 19 14:13:54 +0000 2021,더빙판 라그나로크 처음 본다
Tue Oct 19 13:29:35 +0000 2021,"디플들어오면보고싶은거
아연맨3
앤트맨
시빌워
앤트맨2
라그나로크.,.,,."
Tue Oct 19 13:12:17 +0000 2021,"그래 라그나로크도 안보고 인워를 쳐만든 루소즈 놈들이나 어벤1도 안보고 롴드를 만든 제작자들 다 꺼져라 🖕🖕 
우리캐해가 맞다 어디서 감히 캐릭터성을 들먹여 이 배은망덕한 놈들😡😡"
Tue Oct 19 13:02:21 +0000 2021,RT @TiA_0613_: 라그나로크 만렙 찍음
Tue Oct 19 12:37:33 +0000 2021,"RT @llapiuyuuuuu: 크림가지파스타랑 블루문 먹으면서 에이지 오브 개망작 울트론 보는 타래

어벤1 타래&gt;&gt;https://t.co/6NGUaLw0RE …
퍼벤&gt;&gt;https://t.co/p5iB6IigU0 …
윈솔&gt;&gt;https://t.co/…"
Tue Oct 19 12:23:10 +0000 2021,토르 라그나로크 때 로키 올블랙 정장 보면서 속으로 광광 울어댔음.
Tue Oct 19 11:24:28 +0000 2021,로드의 순수한 혈통이 아니라면 라그나로크를 사용하지 못하는 것은 당연하겠지/자동
Tue Oct 19 11:01:35 +0000 2021,아 토르 라그나로크
Tue Oct 19 10:39:25 +0000 2021,"발키리 첨 나왔을 때 
난 라그나로크 본 지 얼마 안 됐을 때였음
당빠 이런 느낌을 상상함
왜냐면 발키리 일러가 오졌거든 https://t.co/lki206hgrr"
Tue Oct 19 10:14:34 +0000 2021,라그나로크 만렙 찍음 https://t.co/S2nJHxYYnS
Tue Oct 19 10:04:35 +0000 2021,RT @llapiuyuuuuu: 라그나로크에서 제일 왜나왔는지 알수없는 의사양반 https://t.co/zPH2ZtfuRU
Tue Oct 19 10:02:43 +0000 2021,"RT @llapiuyuuuuu: 크림가지파스타랑 블루문 먹으면서 에이지 오브 개망작 울트론 보는 타래

어벤1 타래&gt;&gt;https://t.co/6NGUaLw0RE …
퍼벤&gt;&gt;https://t.co/p5iB6IigU0 …
윈솔&gt;&gt;https://t.co/…"
Tue Oct 19 09:56:52 +0000 2021,"RT @llapiuyuuuuu: 크림가지파스타랑 블루문 먹으면서 에이지 오브 개망작 울트론 보는 타래

어벤1 타래&gt;&gt;https://t.co/6NGUaLw0RE …
퍼벤&gt;&gt;https://t.co/p5iB6IigU0 …
윈솔&gt;&gt;https://t.co/…"
Tue Oct 19 09:55:40 +0000 2021,데인저러스 벨리알(Dangerous Belial) vs 사이클론 라그나로크(Cyclone Ragnaruk) 【베이블레이드 버스트 ... https://t.co/2FRLwvOsRF via @YouTube… https://t.co/UbIwlFBnyJ
Tue Oct 19 09:44:28 +0000 2021,......라그나로크나 다시 일으켜버릴까..
Tue Oct 19 09:43:52 +0000 2021,"RT @llapiuyuuuuu: 크림가지파스타랑 블루문 먹으면서 에이지 오브 개망작 울트론 보는 타래

어벤1 타래&gt;&gt;https://t.co/6NGUaLw0RE …
퍼벤&gt;&gt;https://t.co/p5iB6IigU0 …
윈솔&gt;&gt;https://t.co/…"
Tue Oct 19 09:39:40 +0000 2021,RT @llapiuyuuuuu: 라그나로크 진엔딩 https://t.co/u4PTRbq85f
Tue Oct 19 09:04:54 +0000 2021,"RT @llapiuyuuuuu: 크림가지파스타랑 블루문 먹으면서 에이지 오브 개망작 울트론 보는 타래

어벤1 타래&gt;&gt;https://t.co/6NGUaLw0RE …
퍼벤&gt;&gt;https://t.co/p5iB6IigU0 …
윈솔&gt;&gt;https://t.co/…"
Tue Oct 19 08:44:16 +0000 2021,라그나로크 https://t.co/jNIsXUIapU
Tue Oct 19 08:40:46 +0000 2021,RT @llapiuyuuuuu: 라그나로크 진엔딩 https://t.co/u4PTRbq85f
Tue Oct 19 08:06:47 +0000 2021,"RT @llapiuyuuuuu: 이짓도 시리즈가 되어가는 만두랑 맥주 먹으면서 어벤저스1 보는 타래
퍼벤-윈솔-시빌워타래&gt;&gt; https://t.co/tHWmicfS7A
라그나로크타래&gt;&gt; https://t.co/VJemfPI9BO https://t.c…"
Tue Oct 19 07:59:36 +0000 2021,"RT @llapiuyuuuuu: 크림가지파스타랑 블루문 먹으면서 에이지 오브 개망작 울트론 보는 타래

어벤1 타래&gt;&gt;https://t.co/6NGUaLw0RE …
퍼벤&gt;&gt;https://t.co/p5iB6IigU0 …
윈솔&gt;&gt;https://t.co/…"
Tue Oct 19 04:47:59 +0000 2021,@R0ck_G @K1mDD1DD0 ㅅㄾ: 라그나로크 빔~ 하핫
Tue Oct 19 04:07:13 +0000 2021,"금일 오후7시 라그나로크 굿즈 라이스방송오픈합니다!!!

#라그나로크
#라그나로크게임 
#카프라
#Ragnarokonline https://t.co/aPSuh7qVmW"
Tue Oct 19 03:10:38 +0000 2021,라그나로크 온라인: 모로크 테마 https://t.co/OKhZCkxOPi #게임음악
Tue Oct 19 02:53:36 +0000 2021,남성 임신이래서 한참 봄 ㅋㅋㅋㅋㅋ 아 근데 저거 넷플 라그나로크에도 나옴 그걸 임신이라고 본다면..?
Tue Oct 19 02:17:25 +0000 2021,@shangzzi 마자요 거기서 연기 되게 인상깊게 나왔는데 그 사람이 라그나로크 감독이었을줄은..👏👏👏👏
Tue Oct 19 01:48:33 +0000 2021,타이카 아이럽유 (지나가세요 라그나로크를 너무 재밋게 본 사람입니다
Tue Oct 19 00:44:40 +0000 2021,더빙 은근 매력있음 라그나로크 더빙보세요…
Mon Oct 18 20:37:43 +0000 2021,"(라그나로크 로펌으로부터 로키 신께 고소가 들어갔습니다, 하면 로키가 밧줄 끊고 나와야할 거 같지...)"
Mon Oct 18 20:35:55 +0000 2021,제타 도끼도 작은데........ 크기가 만족스럽지는 않은데 이름이 라그나로크고 색이 빨간색이야..........
Mon Oct 18 20:34:56 +0000 2021,"하.................
라그나로크..............................."
Mon Oct 18 20:28:35 +0000 2021,"RT @butcher_shop: 와.... 그럼 대충 후보 20개 중에서

그랑삼국
카트라이더 러쉬
AFK아레나
명일방주
레전드오브룬테라
전략 리그오브레전드
걸카페건
스테이트오브서바이벌
라그나로크 오리진
원신

이 10개가 전부 중국개발이라고;;;;?"
Mon Oct 18 17:00:11 +0000 2021,"마블영화중에서 내가 제일 좋아하는거는 라그나로크랑 가오갤1 그리고 시빌워랑 윈솔
라그나로크는 진짜 한 30번 봄"
Mon Oct 18 16:09:00 +0000 2021,@PumPum_trpg 게티는 그럴수있어요(???) 물론 당장 죽는단건 아니지만 라그나로크가 가까워지면?
Mon Oct 18 16:03:53 +0000 2021,"@RagnarokRabia 라그나로크, 잘 지내?"
Mon Oct 18 15:54:00 +0000 2021,왜.네가 이것을...라그나로크를 가지고 있는거지?/자동
Mon Oct 18 15:23:55 +0000 2021,라그나로크라고?어떻게..../자동
Mon Oct 18 15:08:51 +0000 2021,라그나로크. 발할라를 향해서.
Mon Oct 18 14:16:25 +0000 2021,이제 라그나로크를 보면서 남은 일을 해야지 북유럽 신화를 알면 더 재밌게 볼 수 있을 것 같은데 이래서 뭐든 알아두는 게 좋다니까 ㅠㅠ 북유럽 신화 다룬 책 사야지 ㅠㅠ
Mon Oct 18 12:55:35 +0000 2021,아스가르드 존ㄴ나전나 평화롭고 라그나로크도 없고 자색고구마수인도 없고 꾸준한 아홉 렐름 사찰과 전투 정도나 있는 나라면 어땠을까 약 천오백년간 일어난 가장 큰 사건이라곤 토르의 (로키와의)혼인 선언 정도인 그런 나라 있잖아
Mon Oct 18 12:26:03 +0000 2021,@_yuki_non 헐 강타1집 노래 다 좋아했는데 ㅜㅜㅜ 추억이네요 저 라그나로크r 나름 고인물이었는데 시작한 계기가 강타가 광고했었다는욬ㅋㅋㅋㅋㅋ
Mon Oct 18 11:24:13 +0000 2021,로드의 순수한 혈통이 아니라면 라그나로크를 사용하지 못하는 것은 당연하겠지/자동
Mon Oct 18 10:23:17 +0000 2021,"""우~ 티타노마키아! 기간토마키아! 라그나로크!"""
Mon Oct 18 10:08:21 +0000 2021,"그런데 라그나로크에서... (ㅅㅂ)
인워에서...(ㅆㅂ)"
Mon Oct 18 09:06:20 +0000 2021,"비다르의 사이언이 라그나로크 이후에도 살 신의 사이언으로써 간청합니다.
그 아비도 그 자신조차 그의 주인이 되지 못하니, 태생부터 뒤바뀐 제 운명이라도 한번 더 바치게 하여 제게 속하게 하소서 https://t.co/4Dt6hZa5eo"
Mon Oct 18 08:59:35 +0000 2021,RT @Loki_is_mybaby: 라그나로크 액션보면서 울기 엉엉엉ㅠㅠㅠㅠㅠㅠㅠㅠㅠㅠㅠㅠㅠ https://t.co/WRN9Eq5U8L
Mon Oct 18 08:18:57 +0000 2021,"생각해보니 발두르가 아직 살아있구나... 그럼 아직 로키에게 죽기 이전이라는 뜻이로군

라그나로크를 막기 위해 로키와 그 자식들을 철저히 감시할 만하다... 발두르의 사이언이 로키의 사이언에게 죽는다면 그… https://t.co/XEYejuEPfw"
Mon Oct 18 06:47:56 +0000 2021,"에오울과 다크월드, 라그나로크에서 토르 머리 묶고 나오는데
나보다 머리를 잘 묶어."
Mon Oct 18 05:42:35 +0000 2021,뭐냐 왜트윗저따구로써짐 암튼 라그나로크도 여유있음조져보고
Mon Oct 18 05:39:52 +0000 2021,"그럼 일단 조금 천천히 생각해보면 13플을 트플플을 더잡아서 저점 끌어올려야되는데

킹이즈백
메타트론
카오스
하액
천화명명

정도 생각두면 적절할라나몰겟내

좀여유롭다싶음 라그나로크도 조지고

삘좋다싶음 라그나로크랑 천"
Mon Oct 18 05:38:31 +0000 2021,"@180vs178 한 번 나오고 안 나오는 조연 중에서는 할리가 젤 조아
아이언맨3은 페퍼포츠도 멋잇어
기대해도 되는 마블 영화 목록...: 어벤져스 1 아연맨3 가오갤 시리즈...(감독좆같은데영화는재밋음) 앤트맨 시리즈 토르3라그나로크"
Mon Oct 18 03:53:34 +0000 2021,왜.네가 이것을...라그나로크를 가지고 있는거지?/자동
Mon Oct 18 03:03:47 +0000 2021,아...랜부에 수록된 다이너마이트 라그나로크 컬러링이 딱 이번에 개조셋 벨리알이랑 맞는구나 좋네...랜부살일은 업겟지만서두
Mon Oct 18 02:44:14 +0000 2021,배틀이다! [다크 리벨리온 엑시즈 드래곤]으로 [카이사르 라그나로크]를 공격! 반역의 Lightning Disobey!
Mon Oct 18 02:00:57 +0000 2021,@MasterWhite18 라그나로크요?
Mon Oct 18 00:23:42 +0000 2021,RT @Loki_is_mybaby: 라그나로크 액션보면서 울기 엉엉엉ㅠㅠㅠㅠㅠㅠㅠㅠㅠㅠㅠㅠㅠ https://t.co/WRN9Eq5U8L
Sun Oct 17 20:48:42 +0000 2021,내 존재 의미는 글쎄... 라그나로크 게임에 들어오면서 이미 끝난 거 아닐까나...
Sun Oct 17 20:28:12 +0000 2021,"""우~ 티타노마키아! 기간토마키아! 라그나로크!"""
Sun Oct 17 17:55:46 +0000 2021,라그나로크 빡빡이가 본즈였냐고
Sun Oct 17 16:50:23 +0000 2021,"대출
먹스타그램
그라운드플랜
전북
라그나로크
우머나이저
정읍여행
화성시
노래

영등포20대모임
광진여행
정모
일탈"
Sun Oct 17 16:15:17 +0000 2021,라그나로크 액션보면서 울기 엉엉엉ㅠㅠㅠㅠㅠㅠㅠㅠㅠㅠㅠㅠㅠ https://t.co/WRN9Eq5U8L
Sun Oct 17 15:57:27 +0000 2021,"음란물 본다고 잡혀가는거 아님?
뭔 개소리야 라그나로크가 왜?
씨발 로키정장을 봐
365일 이기고도 남음"
Sun Oct 17 15:53:55 +0000 2021,왜.네가 이것을...라그나로크를 가지고 있는거지?/자동
Sun Oct 17 15:50:56 +0000 2021,"배틀로얄... 본 적은 없지만 어마어마한 영향력을 가진 작품이란 건 알고 있음
토르: 라그나로크 일본 제목이 마이티 토르: 배틀로얄이란 걸 알았을 때부터... https://t.co/S9QMqC6ozE"
Sun Oct 17 15:38:42 +0000 2021,"@hRsuper_band 북유럽 신화라곤
아는게 라그나로크 밖엔
....."
Sun Oct 17 15:24:13 +0000 2021,라그나로크라고?어떻게..../자동
Sun Oct 17 14:43:21 +0000 2021,"16. 엔겜
17. 캡아-버키?
18. 완다
19. 엔겜 거의 다
20. 완다비전 스포
21. 완다비전 스포...
22. 라그나로크 경기장
23. 샹치
24. 가오갤이 있었는데 없어졌습니다.
25. 샹치 경… https://t.co/BouQ9AyByB"
Sun Oct 17 14:43:21 +0000 2021,"1. 스파이더맨1 부터 히어로영화는 꾸준히 봄. 입덕은 가오갤
2. 아이언맨1(MCU)
3. 샹치
4. 완다
5. 에오쉴
6. 그거 할래?
7. 어벤저스 치타우리 침공씬
8. 샹치
9. 완다
10. 로키
1… https://t.co/2gqw046VzN"
Sun Oct 17 14:33:51 +0000 2021,차라리 이대로 라그나로크를 일으켜버리는게 어때? 깔끔하게.
Sun Oct 17 14:18:38 +0000 2021,"역시 솔로가 더 잘 맞았구나, 당신은... 그래서 화려하게 타오르기 위해서, 다른 사람을 짓밟았어? 그.. 무대에서 있었던 사고. (눈을 느릿하게 깜빡였다.) 맞다면.. 어쩌면 드라마틱한 서사의 클라이막스였을지도. 라그나로크로 추락하는 별이라니.. -"
Sun Oct 17 14:18:29 +0000 2021,7.토르 라그나로크에서 토르각성한거 안잊혀집미다... 아아아~~~ ⚡️ https://t.co/vuF2vTkKSo
Sun Oct 17 14:17:02 +0000 2021,"그리고 또 깨본 배우가 케이트블란쳇 ㅠ 
겨울하면 떠오르는 ‘그 영화’ 캐롤을 보고 
미쳐서 블루재스민-신데렐라-라그나로크-호빗시리즈-오션스8-벽속에숨은마법시계를 봣음"
Sun Oct 17 14:11:57 +0000 2021,"토르 라그나로크 보고싶은뎅/..
이건 다음달에 디플 결제하면 봐야지..."
Sun Oct 17 14:07:15 +0000 2021,이렇게 된 이상 사이클론 라그나로크도 갖고 싶은데... 라그나로크 랜부로 그만 나오라고
Sun Oct 17 13:32:33 +0000 2021,@GnCh0Dj2KIZkSje ㅋㅋㅋㅋㅋㅋㅋ빌런공식이죠.. 조아요 저도 오늘은 캡마의 날로 정해가지고 라그나로크는 다음에 보는걸로👏👏👏👏
Sun Oct 17 13:30:29 +0000 2021,@RdYllwGrnBlue 뻔하지 않습니까.. 영국배우인데 이제 인지도가 있음 그리고 마블에 캐스팅된다...(ㅋㅋㅋㅋㅋㅋㅋㅋㅋㅋㅋㅋㅋ 저도 라그나로크..는 지금 못 보지만 그럼 노래라도 들어야겠어여
Sun Oct 17 13:29:23 +0000 2021,@GnCh0Dj2KIZkSje 헉스 빌런이에요..? 그렇구나 사실 저도 토르2에 대한 얘기 자체는 몇번 들었어서 굳이 볼 생각까지는 안하고 있었거든요...... 그렇다면.. 라그나로크를 한번 더 보는걸로..ㅋㅋㅋㅋㅋㅋ
Sun Oct 17 11:36:24 +0000 2021,"13. 좋아하는 OST
윈솔에 나온 OST는 다 좋아함.. Taking a Stand랑.. 레무리안 스타랑 윈솔테마곡도 넘 좋고..주절주절 
라그나로크의 Immigrant Song도 너무좋은듯"
Sun Oct 17 11:33:34 +0000 2021,"송탄
해운대
패티쉬
식사

오프
라그나로크
풍무동
건강이최고
베이글녀
클리
쌩얼주의
여자사정
롯데닷컴성감"
Sun Oct 17 11:24:36 +0000 2021,로드의 순수한 혈통이 아니라면 라그나로크를 사용하지 못하는 것은 당연하겠지/자동
Sun Oct 17 08:17:17 +0000 2021,하지만 그와중에 tva대빵에게 잘보여서 자리하나 얻거나 지가 대장 되려는 속셈을 가지는 것도 로키다움 딱 라그나로크 로키가 그랜드마스터 옆에서 간보던게 생각남 https://t.co/vKgcbQt6Hv
Sun Oct 17 07:28:13 +0000 2021,"라그나로크
아디다스
사정
가터
아산역연애어플강추
육아
롯데닷컴
충북페이
송파
창녀얼마"
Sun Oct 17 06:53:21 +0000 2021,"❤자존심만 ';버리면 월 1500만65 쉽게☀ 벌수 ❤있습니다 성;';인놀이터♨

【홈:cky④⑤. ⒸⓞⓂ 】

라그나로크
골든
속초
일수
팔로우
코로나
간단
내아들들
강릉카페
금산오프후기
시츄
쿠폰"
Sun Oct 17 05:01:31 +0000 2021,마지막으로 넨도 산 게 라그나로크 버전 토르와 로키였는데... 롭뱃 넨도......  너네가 과연 내 지갑을 열 수 있을까? (냅다지갑열기) https://t.co/W4nqnIqZcN
Sun Oct 17 04:00:52 +0000 2021,"라그나로크의 빛 아래서 보고 싶은데
잭샨 고픔"
Sun Oct 17 03:53:46 +0000 2021,왜.네가 이것을...라그나로크를 가지고 있는거지?/자동
Sun Oct 17 03:23:35 +0000 2021,라그나로크라고?어떻게..../자동
Sun Oct 17 03:11:11 +0000 2021,"↘대한민국 no1 섹☆알☆바★ 대/량 모/집/합니다  섹/파찾기►

홈피:『kCM❼❽. ⒸⓞⓂ 】

엄마랑아들
악녀알바
커플
꽃
아프
안산
일상
애널
보디빌딩
신림동맛집추천
쉼탁
라그나로크
성감"
Sun Oct 17 02:48:44 +0000 2021,2. 토르 라그나로크?
Sat Oct 16 23:28:13 +0000 2021,"죽음의 여신 ‘헬라’가 아스가르드를 침략하고,세상은 모든 것의 종말 ‘라그나로크’의 위기에 처한다. 헬라에게 자신의 망치마저 파괴당한 토르는 다음주 월요일 14:00까지 육군훈련소에 입소하여주시기 바랍니다.… https://t.co/tKH8vo35KJ"
Sat Oct 16 23:24:09 +0000 2021,로드의 순수한 혈통이 아니라면 라그나로크를 사용하지 못하는 것은 당연하겠지/자동
Sat Oct 16 22:18:38 +0000 2021,이미 평범한 일상이란 단어는 이 몸이나 그쪽에게 안어울린다고 생각하지 않아? 라그나로크 프로그램에 출연한다는 이 상황도 평범하기보다는 특별한 이벤트 축에 속할텐데!
Sat Oct 16 20:44:48 +0000 2021,갓오브워 라그나로크가 벌써 나올때인가...하는 생각이 들었는데 나올때가 되긴했다(...)
Sat Oct 16 17:54:45 +0000 2021,라그나로크 좀 아쉬웠던게 발키리는 부대 이름일 뿐이고 테사톰슨이 맡은 캐릭터의 진짜 이름은 한번도 언급이 안됫단거임 원작에서는 브룬힐데라고 나왔어도 MCU랑 원작이랑은 다르니까..
Sat Oct 16 17:47:23 +0000 2021,"7. 본인피셜명장면
아이거너무많은데 
일단 6번 대답 장면이랑.. 후더헬이즈버키랑.. 라그나로크에서 각성한 토르가 싸우는 모습도 인상깊이 남았네요 파다보면 계속 나옴"
Sat Oct 16 16:57:42 +0000 2021,아 그리고 추가하자면.. (말이 또 길어지는중) 토르 라그나로크도 미친최애까진 아니여도 너무 좋아하는 것 같음. 토르1을 볼 때랑 토르3이랑 정말 세월로도 많은 차이가 나는데… 라그나로크에서 어떻게 그렇게… https://t.co/5aEEWnfFnm
Sat Oct 16 16:30:50 +0000 2021,"RT @glace_verte: 로키 갑주는 어벤1이 제일 예쁘지만
개인적으로 투구는 라그나로크를 제일 좋아함
머리 다 덮는건 너무 답답하고 무거워보이는데 
라그나로크는 머리 뚫려있어서 간결해보이고
싸울 때 더 편해보임 
(무기로도 용이함) https…"
Sat Oct 16 16:27:26 +0000 2021,"@poga_0329 그렇군요
라그나로크 보셨나요
무려 배너 최대 노출

아니 근데 거기까지 봤으면 우리 박사님 아실만도 한데"
Sat Oct 16 16:00:24 +0000 2021,"로키 갑주는 어벤1이 제일 예쁘지만
개인적으로 투구는 라그나로크를 제일 좋아함
머리 다 덮는건 너무 답답하고 무거워보이는데 
라그나로크는 머리 뚫려있어서 간결해보이고
싸울 때 더 편해보임 
(무기로도 용이함) https://t.co/g6PlqwOMds"
Sat Oct 16 15:53:39 +0000 2021,왜.네가 이것을...라그나로크를 가지고 있는거지?/자동
Sat Oct 16 15:51:10 +0000 2021,라그나로크 로키 피규어 12만 5000원에 샀어요 아마도...
Sat Oct 16 15:48:40 +0000 2021,@naesanso 내 라그나로크 로키 피규어나 사가 다들
Sat Oct 16 15:23:24 +0000 2021,라그나로크라고?어떻게..../자동
Sat Oct 16 14:49:57 +0000 2021,"역시 라그나로크
도끼중 젤 이뿜"
Sat Oct 16 14:10:39 +0000 2021,"1. 토르 몸통 근육
2. 라그나로크
3. 토니 로키 럼로우 버키 데이지
4. 완다 피에트로 스티브 
5. 아이언맨 트릴로지"
Sat Oct 16 13:13:08 +0000 2021,마딜이 강제되는 상황이 아니면 티다로 다 해결되는 편임... 자슈트 껴서 물속성 최강 물딜러도 되지만 다크 라그나로크 등을 껴서 다른 속성에 대응할 수도 있음. 공격력이랑 LB 기본 배율도 높아서 어빌리티 세팅 자유도가 높음. 진짜 최고.
Sat Oct 16 12:43:24 +0000 2021,RT @R4G0N_Marvel: 로키 라그나로크 바이프로스트 전투씬 보면 로키 얘도 아스가르드 왕자겸전사 확실히 맞다는걸 알게됨 얘 옆에 토르가 있어서 그렇지 로키 이놈도 호전적인거 만만치않음ㅋㅋㅋㅋㅋㅋㅋㅋ
Sat Oct 16 11:41:48 +0000 2021,@bengigaanida 와씨 ㅇㅈ;; 라그나로크 전투씬 개지림🥺
Sat Oct 16 11:23:55 +0000 2021,로드의 순수한 혈통이 아니라면 라그나로크를 사용하지 못하는 것은 당연하겠지/자동
Sat Oct 16 11:23:27 +0000 2021,정신병걸릴것같음... 이거다보고 홈커밍이랑 라그나로크봐야지
Sat Oct 16 11:21:30 +0000 2021,RT @R4G0N_Marvel: 로키 라그나로크 바이프로스트 전투씬 보면 로키 얘도 아스가르드 왕자겸전사 확실히 맞다는걸 알게됨 얘 옆에 토르가 있어서 그렇지 로키 이놈도 호전적인거 만만치않음ㅋㅋㅋㅋㅋㅋㅋㅋ
Sat Oct 16 11:21:23 +0000 2021,로키 라그나로크 바이프로스트 전투씬 보면 로키 얘도 아스가르드 왕자겸전사 확실히 맞다는걸 알게됨 얘 옆에 토르가 있어서 그렇지 로키 이놈도 호전적인거 만만치않음ㅋㅋㅋㅋㅋㅋㅋㅋ
Sat Oct 16 08:39:21 +0000 2021,라그나로크 명장면 다시봣는데 로키때매 눈물이 남...그냥...이 형제가.....  .....
Sat Oct 16 06:29:36 +0000 2021,"23. 베놈2 / 샹치

24. 라그나로크 소장중이었는데 계정털려서 날라가서 많이 슬픔.

25. 우리 로키 락롴에서 망토휘날리면서 전투하는거 정말사랑함.

26. 스파이더맨 3 무조건 무조건 스파이더맨3… https://t.co/A0KM4W9F4G"
Sat Oct 16 06:27:12 +0000 2021,"17. 토르랑 로키 / 토니랑 피터

18. 로키제발 솔로 ""무비"" 한번만 나와주라 제발.

19. 무조건 라그나로크 쿠키. 그리고 인워 시작부 5분.

20. 락롴 리벤져스 전투씬.

21.  I assu… https://t.co/mHQWlmnTv1"
Sat Oct 16 06:27:11 +0000 2021,"14. n차 안뛴걸 세는게 더 빠를듯. 홈커밍부터 극장에서 봤는데 엔겜 블위 빼고 다 3차 이상씩 뛴듯.

제일 많이 봤던게 라그나로크. 6번인가 7번 극장에서봄."
Sat Oct 16 06:22:52 +0000 2021,"10. 제일 좋아하는 히어로도 로키고 제일 좋아하는 빌런도 로키. 로키야아악!

12. 이번에 이터널즈 포스터 진짜 이쁘더라.

13. 아이언맨의 AC/AD 노래들, 가오갤 vol.2 에 나오는 옛날노래들… https://t.co/2bOquxSPAI"
Sat Oct 16 06:21:02 +0000 2021,"5. 토르 라그나로크 몹시 최애영화. 완벽함 쿠키빼고 다좋음 진짜 사랑스러움.

6. Trust my rage. / I'm here.

7. 토르 각성하고 이미그래이션 송 나오면서 그 웅장한 장면 아직도 잊… https://t.co/dwhXFcRQlW"
Sat Oct 16 05:59:14 +0000 2021,"약먹고 제타나 다시 만들어야지
라그나로크
내가 간다"
Sat Oct 16 05:49:21 +0000 2021,@hotbrmd 바그너가 어쩌구... 저쩌구... 여전사 발키리랑 라그나로크 어쩌구 나오는 북유럽신화요ㅋㅋㅋ 마블 토르 로키 오딘 어쩌고하는 북유럽신화 베이스라 알아두면 재미가 있을...지도...? 작전명… https://t.co/Mi0T6qQBJ4
Sat Oct 16 04:34:45 +0000 2021,...라그나로크가 이런 모습일거라고는 생각해 본 적 없습니다.
Sat Oct 16 03:23:44 +0000 2021,왜.네가 이것을...라그나로크를 가지고 있는거지?/자동
Sat Oct 16 02:53:56 +0000 2021,라그나로크라고?어떻게..../자동
Sat Oct 16 01:52:12 +0000 2021,"RT @SHIELD_L0K1: Event. 다크월드 후, 라그나로크 이전

Hi, Ants. 초록색이던 붉은색이던, 남기면 찾아가는 것도 모르진 않겠지? https://t.co/2ITkoouSnC"
Sat Oct 16 00:13:38 +0000 2021,"19. 엔겜 마지막 버키와 스팁 인사조차 안 시켜주는 장면
20. 아무래도 엔겜 전투씬 때 사라진 사람들 돌아오는 장면?
21. 스타크의 마지막...
22. 라롴 자체가 다 웃겼음
23. 샹치~
24. 아마… https://t.co/nwrUsgT1ra"
Fri Oct 15 22:54:05 +0000 2021,로드의 순수한 혈통이 아니라면 라그나로크를 사용하지 못하는 것은 당연하겠지/자동
Fri Oct 15 16:51:44 +0000 2021,"6. ""난 너한테 증명할게 없어""
7. 으악 너무 많은데.. 라그나로크 토르 각성장면? 좋아해서 많이 돌려봄
8. 
9.마카리 
10. 헬라
12. 이터널스.. 그 많은 캐릭터가 들어가있는데 조잡하다는 느낌… https://t.co/T0ieFcHr3k"
Fri Oct 15 16:32:49 +0000 2021,"RT @MCU_0range_: 마법사조 만나면 좋은 점 ❤💙💚

1. 닥스랑 로키가 싸우면 완다가 막아줌
2. 라그나로크에서 봤던 닥스 로키 기싸움을 다시 볼 수 있음
3. 마법쓰면서 싸우는 완다 닥스 로키를 볼 수 있음

세상에 어썸!"
Fri Oct 15 16:29:29 +0000 2021,"24. 개인 소장하고 있는 마블 영화

가디언즈 오브 갤럭시 VOL.2
어벤져스: 엔드게임
아이언맨 3
닥터 스트레인지
어벤져스: 에이지 오브 울트론
토르: 라그나로크
블랙위도우

요렇게 소장중 입니다"
Fri Oct 15 16:25:47 +0000 2021,"7. 본인이 생각하는 마블 명장면
라그나로크에서 토르가 각성하는 장면진짜... 와타쿠 가슴 올림"
Fri Oct 15 16:08:05 +0000 2021,"24. 윈솔, 라그나로크, 엔겜, 블위, 캡틴마블

25. https://t.co/OanuCQBC6U"
Fri Oct 15 15:23:42 +0000 2021,왜.네가 이것을...라그나로크를 가지고 있는거지?/자동
Fri Oct 15 15:07:04 +0000 2021,"RT @Myang_p: #MM_갓오하썰
라그나로크도 진모리가 돌아와서 사탄까지 이기고, 휘모리도 아슬아슬한 순간에 복구가 돼서.... 그렇게 일도 다 잘 풀리고 어느 정도 마무리 됐는데 다른 사람들이랑 재회하면서 얘기 나누느라 바쁜 진모리랑 그 모습…"
Fri Oct 15 13:38:38 +0000 2021,"(라그나로크 로펌으로부터 로키 신께 고소가 들어갔습니다, 하면 로키가 밧줄 끊고 나와야할 거 같지...)"
Fri Oct 15 13:30:57 +0000 2021,"아니 근데 일단... 두 개 같이 놔두면 안 되는 게
라그나로크 의상은 닥스 촬영 들어가기 전에 찍은 거라 코믹스 닥스에 가까운 노란장갑에 T자 복실이에 큼직한 디테일이 다르고 노웨홈은 닥스-인워-엔겜 때 사용한 코스튬임"
Fri Oct 15 13:19:36 +0000 2021,RT @yeonmyu_ram: 우울할 때 마다 보는 라그나로크 초월 더빙~~~ 내 쌩일이햐아아아ㅏ~~ https://t.co/cK4j6Gn0af
Fri Oct 15 13:08:57 +0000 2021,"@hsh357 다 이유가 있었구먼요...
팦11이 마비노기는 이겨놓고 라그나로크 못 이긴 것도 신기하긴 한데"
Fri Oct 15 13:07:37 +0000 2021,라그나로크 한번 더 보고싶당
Fri Oct 15 12:06:53 +0000 2021,라그나로크 토르 각성하는장면 너무 멋있는데 너무 신나는데
Fri Oct 15 11:32:39 +0000 2021,"22. 이걸 생각하기엔 너무 옛날에 본 영화도 많아서…,,….. 굳이 하나 꼽자면 토르 라그나로크에서 헐크보고 빵긋하던 토릌ㅋㅋㅋㅋㅋㅋㅋㅋ 그리고 옐레나가 냇 포즈 따라하던거 (ㅋㅋㅋ

23. 샹치! 

2… https://t.co/bhpgfohXOv"
Fri Oct 15 10:49:39 +0000 2021,무슨 북유럽 신화도 아니고 라그나로크 뒤에 세계가 재생되는 그런 거냐고요
